t,pop,births,deaths,delivered,hof_best,gen
2.0,40,0,0,0,15.77,0
4.0,46,6,0,2,36.64,1
6.0,55,15,0,5,50.76,1
8.0,76,36,0,12,73.65,2
10.0,80,40,0,16,73.96,2
12.0,80,41,1,37,98.74,3
14.0,80,42,2,51,113.7,3
16.0,80,44,4,61,115.75,3
18.0,80,44,4,74,137.44,3
20.0,80,45,5,82,143.24,3
22.0,80,46,6,84,162.36,3
24.0,80,47,7,91,162.6,3
26.0,80,48,8,92,166.83,3
28.0,80,48,8,94,194.71,3
30.0,79,48,9,94,211.59,3
32.0,80,49,9,105,231.17,3
34.0,80,49,9,113,236.0,3
36.0,79,49,10,114,239.87,3
38.0,80,50,10,115,259.96,3
40.0,80,50,10,117,259.96,3
42.0,77,59,22,120,259.96,3
44.0,80,62,22,122,259.96,3
46.0,80,62,22,126,259.96,3
48.0,80,62,22,132,259.96,3
50.0,80,63,23,138,259.96,3
52.0,80,66,26,147,271.2,3
54.0,80,66,26,153,271.2,3
56.0,80,69,29,155,271.2,3
58.0,80,69,29,156,271.2,3
60.0,79,70,31,158,271.2,3
62.0,80,72,32,163,274.18,3
64.0,80,73,33,169,275.69,4
66.0,80,73,33,175,276.8,4
68.0,80,73,33,175,298.42,4
70.0,80,73,33,190,298.42,4
72.0,80,74,34,197,298.42,4
74.0,78,74,36,198,298.42,4
76.0,80,77,37,202,298.42,4
78.0,80,79,39,209,323.09,4
80.0,79,79,40,212,323.09,4
82.0,80,81,41,219,323.09,4
84.0,80,81,41,226,324.06,4
86.0,80,81,41,233,324.06,4
88.0,80,81,41,240,324.06,4
90.0,80,82,42,241,324.06,4
92.0,80,82,42,241,324.06,4
94.0,79,82,43,241,324.06,4
96.0,80,84,44,244,324.06,4
98.0,80,84,44,249,324.66,4
100.0,80,84,44,250,326.5,4
102.0,79,85,46,252,329.25,4
104.0,78,85,47,252,330.15,4
106.0,79,91,52,256,330.41,4
108.0,79,91,52,256,330.5,4
110.0,72,91,59,256,330.5,4
112.0,71,91,60,256,330.5,4
114.0,76,97,61,258,330.5,4
116.0,72,97,65,258,330.5,4
118.0,70,100,70,259,330.5,4
120.0,67,100,73,259,330.5,4
122.0,60,100,80,259,330.5,4
124.0,53,100,87,259,330.5,4
126.0,45,100,95,259,330.5,4
128.0,38,100,102,259,330.5,4
130.0,40,103,103,260,330.5,4
132.0,43,106,103,261,330.5,4
134.0,43,106,103,261,330.5,4
136.0,39,106,107,261,330.5,4
138.0,40,112,112,263,330.5,4
140.0,39,112,113,263,330.5,4
142.0,36,112,116,263,330.5,4
144.0,36,112,116,263,330.5,4
146.0,26,112,126,263,330.5,4
148.0,26,112,126,263,330.5,4
150.0,26,112,126,263,330.5,4
152.0,26,112,126,263,330.5,4
154.0,22,115,133,264,330.5,4
156.0,22,115,133,264,330.5,4
158.0,20,115,135,264,330.5,4
160.0,23,118,135,265,330.5,4
162.0,29,124,135,267,330.5,4
164.0,29,124,135,267,330.5,4
166.0,32,127,135,268,330.5,4
168.0,38,133,135,270,342.84,4
170.0,36,133,137,270,342.88,4
172.0,36,136,140,271,342.88,4
174.0,36,136,140,271,344.71,4
176.0,36,136,140,271,347.22,4
178.0,34,136,142,271,347.22,4
180.0,46,148,142,275,347.22,4
182.0,46,148,142,275,347.22,4
184.0,49,151,142,276,347.22,4
186.0,49,151,142,276,347.97,4
188.0,58,160,142,279,347.97,4
190.0,67,169,142,282,347.97,5
192.0,73,175,142,284,348.09,5
194.0,78,181,143,286,348.09,5
196.0,80,184,144,287,348.09,5
198.0,80,184,144,289,348.8,5
200.0,77,185,148,291,348.8,5
202.0,78,191,153,293,348.8,5
204.0,80,193,153,294,348.8,5
206.0,79,193,154,294,349.6,5
208.0,75,193,158,294,349.84,5
210.0,78,196,158,295,349.84,6
212.0,80,198,158,297,349.84,6
214.0,80,198,158,298,349.84,6
216.0,80,198,158,298,349.84,6
218.0,80,198,158,298,349.84,6
220.0,75,200,165,299,349.84,6
222.0,78,203,165,300,349.84,6
224.0,77,205,168,303,349.84,6
226.0,77,205,168,303,349.84,6
228.0,68,205,177,303,349.84,6
230.0,57,205,188,303,349.84,6
232.0,49,205,196,303,349.84,6
234.0,41,205,204,303,349.84,6
236.0,40,205,205,303,349.84,6
238.0,38,205,207,303,349.84,6
240.0,35,205,210,303,349.84,6
242.0,31,208,217,304,349.84,6
244.0,31,211,220,305,349.84,6
246.0,30,211,221,305,349.84,6
248.0,29,211,222,305,349.84,6
250.0,29,214,225,306,349.84,6
252.0,24,214,230,306,349.84,6
254.0,23,214,231,306,349.84,6
256.0,23,214,231,306,349.84,6
258.0,26,217,231,307,349.84,6
260.0,29,223,234,309,349.84,6
262.0,29,226,237,310,349.84,7
264.0,30,229,239,311,349.84,7
266.0,33,232,239,312,349.84,7
268.0,36,235,239,313,349.84,7
270.0,39,238,239,314,349.84,7
272.0,39,238,239,314,349.84,7
274.0,39,238,239,314,349.84,7
276.0,42,241,239,315,349.84,7
278.0,45,244,239,316,349.84,7
280.0,54,253,239,319,349.84,8
282.0,56,256,240,320,349.84,8
284.0,56,256,240,320,349.84,8
286.0,62,262,240,322,349.84,8
288.0,68,268,240,324,349.84,8
290.0,72,274,242,326,349.84,9
292.0,75,277,242,327,349.84,9
294.0,78,280,242,328,349.84,9
296.0,80,282,242,331,349.84,9
298.0,80,283,243,333,349.84,9
300.0,80,285,245,335,349.84,9
302.0,80,286,246,338,349.84,9
304.0,80,287,247,340,349.84,9
306.0,79,287,248,343,349.84,9
308.0,80,289,249,344,355.99,9
310.0,77,289,252,344,355.99,9
312.0,80,292,252,347,358.02,9
314.0,80,292,252,352,369.22,9
316.0,80,292,252,355,404.88,9
318.0,79,295,256,356,404.88,9
320.0,76,295,259,356,404.88,9
322.0,75,295,260,356,404.88,9
324.0,78,298,260,357,404.98,9
326.0,73,301,268,358,410.38,9
328.0,75,307,272,360,459.87,10
330.0,71,310,279,361,471.46,10
332.0,73,316,283,363,485.66,10
334.0,78,323,285,367,494.37,10
336.0,78,328,290,373,535.86,10
338.0,80,331,291,375,535.86,11
340.0,79,331,292,376,535.86,11
342.0,80,335,295,378,535.86,11
344.0,80,338,298,380,535.86,11
346.0,78,338,300,380,537.57,11
348.0,80,343,303,385,537.57,11
350.0,80,343,303,391,537.57,11
352.0,80,346,306,392,538.49,11
354.0,78,346,308,392,538.49,11
356.0,79,349,310,393,538.49,11
358.0,80,351,311,398,538.49,11
360.0,80,351,311,400,538.49,11
362.0,80,351,311,403,538.49,11
364.0,78,351,313,403,538.49,11
366.0,80,356,316,405,538.49,11
368.0,78,356,318,409,538.49,11
370.0,78,356,318,409,538.61,11
372.0,73,356,323,409,540.16,11
374.0,79,366,327,413,544.04,11
376.0,75,369,334,414,544.04,11
378.0,71,369,338,414,544.04,11
380.0,71,369,338,414,544.04,11
382.0,70,372,342,415,544.04,11
384.0,65,372,347,415,544.04,11
386.0,71,378,347,417,544.04,11
388.0,62,378,356,417,544.04,11
390.0,57,378,361,417,544.04,11
392.0,53,378,365,417,544.04,11
394.0,53,378,365,417,544.04,11
396.0,55,384,369,419,544.04,11
398.0,54,387,373,420,544.04,12
400.0,55,390,375,421,544.04,12
402.0,63,399,376,424,544.04,12
404.0,63,399,376,424,544.04,12
406.0,58,399,381,424,544.04,12
408.0,66,408,382,427,544.04,12
410.0,66,408,382,427,544.04,12
412.0,69,411,382,428,544.04,12
414.0,68,417,389,430,544.04,12
416.0,68,420,392,431,544.04,12
418.0,70,423,393,432,544.04,12
420.0,73,426,393,433,544.04,12
422.0,70,426,396,433,544.04,12
424.0,73,429,396,434,544.04,12
426.0,68,429,401,434,544.04,12
428.0,68,429,401,434,544.04,12
430.0,71,432,401,435,544.04,12
432.0,74,435,401,436,544.04,12
434.0,77,438,401,437,544.04,12
436.0,73,441,408,444,544.04,12
438.0,70,441,411,444,544.04,12
440.0,70,444,414,445,544.04,12
442.0,69,450,421,447,544.04,12
444.0,78,459,421,450,544.04,12
446.0,80,461,421,452,544.04,12
448.0,73,461,428,452,544.04,12
450.0,73,461,428,452,544.04,12
452.0,75,464,429,453,544.04,12
454.0,76,467,431,454,544.04,12
456.0,76,470,434,455,544.04,13
458.0,78,476,438,457,544.04,13
460.0,78,478,440,458,544.04,13
462.0,80,480,440,460,544.04,13
464.0,78,483,445,462,544.04,13
466.0,80,485,445,463,544.04,13
468.0,80,485,445,466,544.04,13
470.0,78,485,447,466,544.04,13
472.0,78,488,450,467,544.04,13
474.0,75,488,453,467,544.04,13
476.0,69,488,459,467,544.04,13
478.0,78,497,459,470,544.04,13
480.0,80,502,462,472,544.04,13
482.0,78,504,466,475,544.04,13
484.0,79,512,473,479,544.04,13
486.0,79,513,474,480,544.04,13
488.0,79,514,475,482,544.04,13
490.0,80,515,475,484,544.04,13
492.0,80,517,477,487,544.04,13
494.0,80,517,477,487,544.04,13
496.0,80,520,480,488,544.04,13
498.0,76,520,484,488,544.04,13
500.0,80,524,484,492,544.04,13
502.0,79,527,488,494,544.04,13
504.0,79,530,491,495,544.04,14
506.0,80,533,493,499,544.04,14
508.0,80,533,493,507,544.04,14
510.0,80,533,493,508,544.04,14
512.0,77,533,496,509,544.04,14
514.0,80,536,496,511,544.04,14
516.0,80,536,496,516,544.04,14
518.0,74,536,502,516,544.04,14
520.0,69,536,507,516,544.04,14
522.0,70,539,509,517,544.04,14
524.0,79,549,510,522,544.04,15
526.0,78,549,511,522,585.64,15
528.0,79,551,512,523,592.84,15
530.0,80,554,514,525,605.04,15
532.0,77,555,518,527,612.04,15
534.0,80,558,518,529,618.71,15
536.0,78,558,520,530,665.23,15
538.0,80,560,520,531,665.98,15
540.0,74,560,526,531,668.37,15
542.0,70,560,530,531,668.37,15
544.0,80,572,532,535,668.37,15
546.0,77,572,535,536,668.37,15
548.0,75,578,543,538,669.4,15
550.0,74,578,544,538,669.4,15
552.0,80,584,544,540,669.4,15
554.0,80,588,548,544,669.4,15
556.0,80,589,549,545,669.4,15
558.0,80,589,549,547,669.4,15
560.0,80,589,549,549,669.4,15
562.0,80,591,551,553,669.4,15
564.0,75,591,556,556,669.4,16
566.0,79,596,557,562,669.4,16
568.0,80,599,559,563,669.4,16
570.0,79,600,561,564,669.4,16
572.0,78,601,563,565,669.4,16
574.0,79,606,567,567,669.4,16
576.0,79,607,568,568,669.4,16
578.0,76,607,571,568,669.4,16
580.0,76,607,571,568,669.4,16
582.0,76,607,571,568,669.4,16
584.0,68,610,582,569,669.4,16
586.0,74,616,582,571,669.4,16
588.0,70,616,586,571,669.4,16
590.0,73,619,586,572,669.4,16
592.0,69,619,590,572,669.4,16
594.0,64,619,595,572,669.4,16
596.0,69,625,596,574,669.4,16
598.0,73,631,598,576,669.4,16
600.0,74,634,600,577,669.4,16
602.0,75,640,605,579,669.4,16
604.0,80,647,607,586,669.4,16
606.0,80,651,611,588,669.4,16
608.0,80,651,611,589,669.4,16
610.0,80,653,613,590,669.4,16
612.0,80,653,613,593,669.4,16
614.0,80,655,615,596,669.4,17
616.0,80,655,615,601,669.4,17
618.0,80,655,615,605,669.4,17
620.0,80,655,615,605,669.4,17
622.0,80,655,615,606,669.4,17
624.0,80,656,616,610,669.4,17
626.0,77,659,622,612,669.4,17
628.0,80,662,622,613,669.4,17
630.0,78,662,624,614,669.4,17
632.0,80,664,624,615,669.4,17
634.0,80,664,624,617,669.4,17
636.0,75,664,629,618,669.4,17
638.0,73,667,634,619,669.4,17
640.0,76,674,638,622,669.4,17
642.0,77,680,643,624,669.4,17
644.0,73,686,653,626,669.4,17
646.0,77,692,655,628,669.4,17
648.0,79,695,656,629,669.4,17
650.0,77,695,658,629,669.4,17
652.0,74,695,661,629,669.4,17
654.0,71,695,664,629,669.4,17
656.0,67,695,668,629,669.4,17
658.0,73,701,668,631,669.4,17
660.0,80,708,668,634,669.4,17
662.0,80,709,669,637,669.4,17
664.0,80,710,670,641,669.4,17
666.0,80,713,673,645,669.4,17
668.0,80,714,674,646,669.4,17
670.0,80,714,674,649,669.4,17
672.0,80,716,676,651,669.4,17
674.0,79,717,678,652,669.4,18
676.0,80,719,679,653,669.4,18
678.0,80,721,681,657,669.4,18
680.0,76,724,688,659,669.4,18
682.0,76,727,691,660,669.4,18
684.0,76,730,694,661,669.4,18
686.0,76,734,698,663,669.4,18
688.0,78,737,699,664,669.4,18
690.0,80,739,699,665,669.4,18
692.0,80,739,699,667,669.4,18
694.0,80,739,699,667,669.4,18
696.0,80,739,699,667,669.4,18
698.0,74,740,706,668,669.4,18
700.0,69,743,714,669,669.4,18
702.0,70,746,716,670,669.56,18
704.0,72,752,720,672,672.53,18
706.0,71,755,724,673,686.86,18
708.0,70,755,725,673,700.28,18
710.0,68,755,727,673,707.91,18
712.0,77,767,730,677,754.51,18
714.0,75,767,732,677,754.51,18
716.0,80,775,735,681,754.51,18
718.0,75,775,740,681,756.01,18
720.0,71,775,744,681,756.01,18
722.0,71,778,747,682,756.01,18
724.0,75,784,749,684,756.01,18
726.0,75,787,752,685,756.01,18
728.0,72,787,755,685,756.01,18
730.0,70,787,757,685,756.01,18
732.0,72,790,758,686,756.01,18
734.0,72,790,758,686,756.01,18
736.0,78,796,758,688,756.01,18
738.0,78,798,760,689,756.01,18
740.0,80,804,764,692,756.01,18
742.0,80,806,766,693,756.01,18
744.0,80,813,773,700,756.5,18
746.0,79,813,774,701,756.5,18
748.0,80,814,774,702,756.5,18
750.0,80,814,774,702,756.5,18
752.0,71,814,783,702,756.5,18
754.0,71,814,783,702,756.5,18
756.0,64,814,790,702,756.5,18
758.0,72,823,791,705,756.5,18
760.0,78,829,791,707,756.5,18
762.0,78,831,793,709,756.5,18
764.0,73,831,798,709,756.5,18
766.0,77,837,800,711,756.5,18
768.0,80,840,800,714,756.5,18
770.0,79,840,801,714,756.5,18
772.0,80,844,804,716,756.5,18
774.0,80,844,804,721,756.5,19
776.0,77,847,810,722,756.5,19
778.0,80,852,812,724,756.5,19
780.0,76,852,816,725,756.5,19
782.0,73,852,819,725,756.5,19
784.0,66,852,826,725,756.5,19
786.0,71,858,827,727,756.5,19
788.0,70,858,828,727,756.5,19
790.0,80,868,828,731,756.5,19
792.0,80,868,828,731,756.5,19
794.0,80,868,828,731,756.5,19
796.0,80,868,828,732,756.5,19
798.0,78,877,839,735,756.5,19
800.0,80,883,843,738,756.5,19
802.0,80,886,846,740,756.5,19
804.0,80,886,846,741,756.5,19
806.0,74,886,852,742,756.5,19
808.0,72,889,857,743,756.5,19
810.0,71,889,858,743,756.5,19
812.0,68,892,864,744,756.5,19
814.0,65,892,867,744,756.5,19
816.0,63,892,869,744,756.5,19
818.0,57,892,875,744,756.5,19
820.0,59,895,876,745,756.5,19
822.0,65,901,876,747,756.5,19
824.0,74,910,876,750,756.5,19
826.0,69,910,881,750,756.5,19
828.0,75,916,881,752,756.5,19
830.0,79,924,885,755,756.5,19
832.0,80,925,885,757,756.5,19
834.0,80,926,886,761,756.5,19
836.0,80,926,886,761,756.5,19
838.0,71,926,895,762,756.5,19
840.0,70,929,899,763,756.5,19
842.0,73,935,902,765,756.5,19
844.0,78,941,903,767,756.5,19
846.0,80,943,903,772,756.5,19
848.0,77,943,906,773,756.5,19
850.0,77,943,906,773,756.5,19
852.0,74,943,909,773,756.5,19
854.0,74,943,909,773,756.5,19
856.0,73,943,910,773,756.5,19
858.0,80,950,910,776,756.5,20
860.0,78,950,912,776,756.5,20
862.0,73,950,917,776,756.5,20
864.0,66,950,924,776,756.5,20
866.0,69,953,924,777,756.5,20
868.0,64,953,929,777,756.5,20
870.0,54,953,939,777,756.5,20
872.0,61,962,941,780,756.5,20
874.0,56,962,946,780,756.5,20
876.0,56,962,946,780,756.5,20
878.0,59,965,946,781,756.5,20
880.0,61,971,950,783,756.5,20
882.0,74,989,955,789,756.5,21
884.0,71,992,961,790,756.5,21
886.0,75,1001,966,793,756.5,21
888.0,78,1006,968,795,756.5,21
890.0,79,1009,970,796,756.5,21
892.0,79,1010,971,797,756.5,21
894.0,78,1010,972,797,756.5,21
896.0,78,1010,972,797,756.5,21
898.0,73,1010,977,797,756.5,21
900.0,76,1013,977,798,756.5,21
902.0,80,1018,978,800,756.5,21
904.0,80,1018,978,802,756.5,21
906.0,80,1020,980,806,756.5,21
908.0,80,1020,980,809,756.5,21
910.0,80,1021,981,810,756.5,21
912.0,77,1022,985,812,756.5,21
914.0,80,1025,985,815,756.5,21
916.0,80,1026,986,816,756.5,21
918.0,80,1029,989,818,756.5,21
920.0,80,1031,991,821,756.5,21
922.0,64,1035,1011,824,756.5,21
924.0,62,1035,1013,824,756.5,21
926.0,57,1035,1018,824,756.5,21
928.0,56,1038,1022,825,756.5,21
930.0,55,1038,1023,825,756.5,21
932.0,55,1038,1023,825,756.5,21
934.0,55,1038,1023,825,756.5,21
936.0,57,1041,1024,826,756.5,21
938.0,57,1041,1024,826,756.5,21
940.0,55,1044,1029,827,756.5,21
942.0,61,1056,1035,831,756.5,21
944.0,66,1062,1036,833,756.5,21
946.0,63,1062,1039,833,756.5,21
948.0,67,1068,1041,835,756.5,21
950.0,69,1071,1042,836,756.5,21
952.0,66,1071,1045,836,756.5,21
954.0,66,1074,1048,837,756.5,21
956.0,71,1080,1049,839,756.5,21
958.0,79,1089,1050,842,756.5,21
960.0,80,1091,1051,843,756.5,21
962.0,80,1093,1053,844,756.5,21
964.0,80,1093,1053,846,756.5,21
966.0,80,1093,1053,847,756.5,21
968.0,80,1095,1055,849,756.5,21
970.0,80,1096,1056,850,756.5,21
972.0,80,1096,1056,850,756.5,21
974.0,80,1097,1057,851,756.5,21
976.0,76,1097,1061,851,756.5,21
978.0,76,1097,1061,851,756.5,21
980.0,72,1097,1065,851,756.5,21
982.0,61,1097,1076,851,756.5,21
984.0,53,1097,1084,851,756.5,21
986.0,56,1100,1084,852,756.5,21
988.0,52,1103,1091,853,756.5,21
990.0,51,1106,1095,854,756.5,22
992.0,49,1106,1097,854,756.5,22
994.0,43,1106,1103,854,756.5,22
996.0,39,1106,1107,854,756.5,22
998.0,29,1106,1117,854,756.5,22
1000.0,25,1106,1121,854,756.5,22
1002.0,20,1106,1126,854,756.5,22
1004.0,18,1106,1128,854,756.5,22
1006.0,15,1106,1131,854,756.5,22
1008.0,15,1106,1134,854,756.5,22
1010.0,17,1109,1135,855,756.5,22
1012.0,17,1109,1135,855,756.5,22
1014.0,15,1109,1137,855,756.5,22
1016.0,18,1112,1139,856,756.5,22
1018.0,18,1112,1139,856,756.5,22
1020.0,18,1112,1139,856,756.5,22
1022.0,21,1115,1139,857,756.5,22
1024.0,21,1115,1139,857,756.5,22
1026.0,21,1115,1139,857,756.5,22
1028.0,20,1115,1140,857,756.5,22
1030.0,18,1115,1142,857,756.5,22
1032.0,21,1118,1142,858,756.5,22
1034.0,21,1118,1142,858,756.5,22
1036.0,30,1127,1142,861,756.5,22
1038.0,30,1127,1142,861,756.5,22
1040.0,30,1127,1142,861,756.5,22
1042.0,30,1127,1142,861,756.5,22
1044.0,30,1127,1142,861,756.5,22
1046.0,30,1127,1142,861,756.5,22
1048.0,31,1130,1144,862,756.5,22
1050.0,34,1133,1144,863,756.5,22
1052.0,37,1136,1144,864,756.5,22
1054.0,37,1136,1144,864,756.5,22
1056.0,37,1139,1147,865,756.5,22
1058.0,43,1145,1147,867,756.5,22
1060.0,43,1145,1147,867,756.5,22
1062.0,40,1145,1150,867,756.5,22
1064.0,40,1145,1150,867,756.5,22
1066.0,49,1154,1150,870,756.5,22
1068.0,52,1157,1150,871,756.5,22
1070.0,69,1175,1151,877,756.5,23
1072.0,72,1181,1154,879,756.5,23
1074.0,72,1181,1154,879,756.5,23
1076.0,68,1184,1161,880,756.5,23
1078.0,74,1190,1161,882,756.5,23
1080.0,74,1190,1161,882,756.5,23
1082.0,74,1190,1161,882,756.5,23
1084.0,73,1190,1162,882,756.5,23
1086.0,71,1190,1164,882,756.5,23
1088.0,72,1193,1166,883,756.5,23
1090.0,70,1193,1168,883,756.5,23
1092.0,72,1196,1169,884,756.5,23
1094.0,77,1202,1170,886,756.5,24
1096.0,78,1205,1172,887,756.5,24
1098.0,77,1207,1175,888,756.5,24
1100.0,77,1207,1175,888,756.5,24
1102.0,80,1210,1175,890,756.5,24
1104.0,80,1210,1175,891,756.5,24
1106.0,70,1210,1185,891,756.5,24
1108.0,67,1210,1188,891,756.5,24
1110.0,50,1210,1205,891,756.5,24
1112.0,48,1213,1210,892,756.5,24
1114.0,47,1213,1211,892,756.5,24
1116.0,43,1213,1215,892,756.5,24
1118.0,40,1213,1218,892,756.5,24
1120.0,40,1213,1218,892,756.5,24
1122.0,43,1216,1218,893,756.5,24
1124.0,46,1219,1218,894,756.5,24
1126.0,49,1222,1218,895,756.5,25
1128.0,46,1222,1221,895,756.5,25
1130.0,49,1225,1221,896,756.5,25
1132.0,51,1228,1222,897,756.5,25
1134.0,46,1231,1230,898,756.5,25
1136.0,44,1231,1232,898,756.5,25
1138.0,42,1231,1234,898,756.5,25
1140.0,44,1234,1235,899,756.5,25
1142.0,42,1237,1240,900,756.5,25
1144.0,41,1237,1241,900,756.5,25
1146.0,41,1237,1241,900,756.5,25
1148.0,41,1237,1241,900,756.5,25
1150.0,43,1240,1242,901,756.5,25
1152.0,40,1240,1245,901,756.5,25
1154.0,39,1240,1246,901,756.5,25
1156.0,38,1240,1247,901,756.5,25
1158.0,38,1240,1247,901,756.5,25
1160.0,39,1243,1249,902,756.5,26
1162.0,46,1252,1251,905,756.5,26
1164.0,52,1261,1254,908,756.5,26
1166.0,51,1261,1255,908,756.5,26
1168.0,51,1261,1255,908,756.5,26
1170.0,52,1264,1257,909,756.5,26
1172.0,56,1270,1259,911,756.5,26
1174.0,57,1273,1261,912,756.5,26
1176.0,56,1273,1262,912,756.5,26
1178.0,62,1279,1262,914,756.5,26
1180.0,65,1282,1262,915,756.5,26
1182.0,62,1282,1265,915,756.5,26
1184.0,74,1294,1265,919,756.5,26
1186.0,74,1294,1265,919,756.5,26
1188.0,80,1300,1265,926,756.5,27
1190.0,80,1303,1268,927,756.5,27
1192.0,80,1303,1268,927,756.5,27
1194.0,79,1303,1269,927,756.5,27
1196.0,79,1303,1269,927,756.5,27
1198.0,80,1304,1269,929,756.5,27
1200.0,78,1304,1271,931,756.5,27
1202.0,73,1304,1276,931,756.5,27
1204.0,68,1307,1284,932,756.5,27
1206.0,68,1307,1284,932,756.5,27
1208.0,68,1307,1284,932,756.5,27
1210.0,66,1307,1286,932,756.5,27
1212.0,61,1307,1291,932,756.5,27
1214.0,61,1310,1294,933,756.5,27
1216.0,64,1313,1294,934,756.5,27
1218.0,57,1313,1301,934,756.5,27
1220.0,57,1316,1304,935,756.5,27
1222.0,63,1322,1304,937,756.5,27
1224.0,52,1325,1318,938,756.5,27
1226.0,55,1328,1318,939,756.5,27
1228.0,47,1328,1326,939,756.5,27
1230.0,43,1328,1330,939,756.5,27
1232.0,46,1331,1330,940,756.5,27
1234.0,46,1331,1330,940,756.5,27
1236.0,45,1331,1331,940,756.5,27
1238.0,44,1334,1335,941,756.5,27
1240.0,42,1334,1337,941,756.5,27
1242.0,42,1334,1337,941,756.5,27
1244.0,41,1337,1341,942,756.5,27
1246.0,40,1337,1342,942,756.5,27
1248.0,40,1337,1342,942,756.5,27
1250.0,40,1337,1342,942,756.5,27
1252.0,38,1337,1344,942,756.5,27
1254.0,34,1337,1348,942,756.5,27
1256.0,30,1337,1352,942,756.5,27
1258.0,30,1337,1352,942,756.5,27
1260.0,34,1343,1354,944,756.5,28
1262.0,30,1346,1361,945,756.5,28
1264.0,28,1346,1363,945,756.5,28
1266.0,31,1352,1366,947,756.5,28
1268.0,31,1352,1366,947,756.5,28
1270.0,31,1352,1366,947,756.5,28
1272.0,30,1352,1367,947,756.5,28
1274.0,30,1352,1367,947,756.5,28
1276.0,33,1355,1367,948,756.5,28
1278.0,35,1358,1368,949,756.5,28
1280.0,38,1361,1368,950,756.5,28
1282.0,38,1361,1368,950,756.5,28
1284.0,37,1361,1369,950,756.5,28
1286.0,37,1361,1369,950,756.5,28
1288.0,40,1364,1369,951,756.5,28
1290.0,40,1364,1369,951,756.5,28
1292.0,43,1367,1369,952,756.5,28
1294.0,46,1370,1369,953,756.5,28
1296.0,52,1376,1369,955,756.5,29
1298.0,53,1379,1371,956,756.5,29
1300.0,47,1379,1377,956,756.5,29
1302.0,50,1385,1380,958,756.5,29
1304.0,50,1385,1380,958,756.5,29
1306.0,45,1385,1385,958,756.5,29
1308.0,45,1385,1385,958,756.5,29
1310.0,53,1394,1386,961,756.5,29
1312.0,56,1397,1386,962,756.5,29
1314.0,58,1400,1387,963,756.5,29
1316.0,57,1400,1388,963,756.5,29
1318.0,58,1403,1390,964,756.5,29
1320.0,56,1403,1392,964,756.5,29
1322.0,56,1403,1392,964,756.5,29
1324.0,59,1406,1392,965,756.5,29
1326.0,65,1412,1392,967,756.5,29
1328.0,68,1418,1395,969,756.5,30
1330.0,80,1430,1395,973,756.5,30
1332.0,78,1430,1397,974,756.5,30
1334.0,80,1434,1399,976,756.5,30
1336.0,77,1434,1402,976,756.5,30
1338.0,77,1437,1405,978,756.5,30
1340.0,77,1437,1405,978,756.5,30
1342.0,78,1440,1407,981,756.5,30
1344.0,78,1440,1407,981,756.5,30
1346.0,80,1442,1407,982,756.5,30
1348.0,80,1442,1407,985,756.5,30
1350.0,76,1445,1414,986,756.5,30
1352.0,76,1448,1417,987,756.5,30
1354.0,76,1448,1417,987,756.5,30
1356.0,78,1451,1418,988,756.5,30
1358.0,79,1454,1420,989,756.5,30
1360.0,80,1455,1420,995,756.5,30
1362.0,80,1455,1420,998,756.5,30
1364.0,77,1455,1423,999,756.5,30
1366.0,73,1455,1427,999,756.5,30
1368.0,68,1458,1435,1000,756.5,30
1370.0,59,1458,1444,1000,756.5,30
1372.0,61,1461,1445,1001,756.5,30
1374.0,55,1461,1451,1001,756.5,30
1376.0,57,1464,1452,1002,756.5,30
1378.0,57,1467,1455,1003,756.5,30
1380.0,60,1470,1455,1004,756.5,30
1382.0,56,1470,1459,1004,756.5,30
1384.0,56,1470,1459,1004,756.5,30
1386.0,62,1479,1462,1007,756.5,30
1388.0,66,1485,1464,1009,756.5,30
1390.0,62,1485,1468,1009,756.5,30
1392.0,57,1485,1473,1009,756.5,30
1394.0,56,1485,1474,1009,756.5,30
1396.0,54,1485,1476,1009,756.5,30
1398.0,54,1488,1479,1010,756.5,30
1400.0,49,1488,1484,1010,756.5,30
1402.0,48,1488,1485,1010,756.5,30
1404.0,47,1488,1486,1010,756.5,30
1406.0,47,1488,1486,1010,756.5,30
1408.0,44,1488,1489,1010,756.5,30
1410.0,47,1491,1489,1011,756.5,30
1412.0,47,1494,1492,1012,756.5,30
1414.0,53,1500,1492,1014,756.5,30
1416.0,51,1500,1494,1014,756.5,30
1418.0,44,1500,1501,1014,756.5,30
1420.0,39,1500,1506,1014,756.5,30
1422.0,48,1509,1506,1017,756.5,30
1424.0,48,1509,1506,1017,756.5,30
1426.0,47,1515,1513,1019,756.5,30
1428.0,40,1515,1520,1019,756.5,30
1430.0,40,1515,1520,1019,756.5,30
1432.0,40,1515,1520,1019,756.5,30
1434.0,40,1515,1520,1019,756.5,30
1436.0,40,1515,1520,1019,756.5,30
1438.0,36,1515,1524,1019,756.5,30
1440.0,36,1515,1524,1019,756.5,30
1442.0,36,1518,1527,1020,756.5,30
1444.0,35,1518,1528,1020,756.5,30
1446.0,38,1521,1528,1021,756.5,30
1448.0,41,1524,1528,1022,756.5,30
1450.0,38,1524,1531,1022,756.5,30
1452.0,37,1524,1532,1022,756.5,30
1454.0,33,1524,1536,1022,756.5,30
1456.0,32,1524,1537,1022,756.5,30
1458.0,35,1527,1537,1023,756.5,30
1460.0,38,1530,1537,1024,756.5,31
1462.0,34,1533,1544,1025,756.5,31
1464.0,40,1539,1544,1027,756.5,31
1466.0,41,1542,1546,1028,756.5,31
1468.0,47,1548,1546,1030,756.5,31
1470.0,49,1551,1547,1031,756.5,31
1472.0,61,1563,1547,1035,756.5,32
1474.0,61,1563,1547,1035,756.5,32
1476.0,61,1563,1547,1035,756.5,32
1478.0,64,1566,1547,1036,756.5,32
1480.0,67,1569,1547,1037,756.5,32
1482.0,67,1569,1547,1037,756.5,32
1484.0,67,1569,1547,1037,756.5,32
1486.0,67,1572,1550,1038,756.5,32
1488.0,65,1572,1552,1038,756.5,32
1490.0,68,1575,1552,1039,756.5,32
1492.0,74,1581,1552,1041,756.5,32
1494.0,80,1587,1552,1043,756.5,32
1496.0,80,1587,1552,1044,756.5,32
1498.0,75,1587,1557,1044,756.5,32
1500.0,75,1590,1560,1045,756.5,32
1502.0,73,1590,1562,1045,756.5,32
1504.0,71,1590,1564,1045,756.5,32
1506.0,73,1596,1568,1047,756.5,32
1508.0,80,1608,1573,1051,756.5,32
1510.0,80,1610,1575,1053,756.5,32
1512.0,70,1610,1585,1053,756.5,32
1514.0,73,1613,1585,1054,756.5,32
1516.0,79,1619,1585,1056,756.5,32
1518.0,78,1620,1587,1057,756.5,32
1520.0,78,1622,1589,1058,756.5,32
1522.0,78,1622,1589,1058,756.5,32
1524.0,80,1624,1589,1061,756.5,32
1526.0,77,1624,1592,1061,756.5,32
1528.0,80,1627,1592,1063,756.5,32
1530.0,76,1627,1596,1063,756.5,32
1532.0,71,1627,1601,1063,756.5,32
1534.0,63,1627,1609,1063,756.5,32
1536.0,65,1630,1610,1064,756.5,32
1538.0,68,1633,1610,1065,756.5,32
1540.0,65,1633,1613,1065,756.5,32
1542.0,68,1636,1613,1066,756.5,32
1544.0,68,1636,1613,1066,756.5,32
1546.0,66,1642,1621,1068,756.5,32
1548.0,54,1645,1636,1069,756.5,32
1550.0,51,1645,1639,1069,756.5,32
1552.0,54,1648,1639,1070,756.5,33
1554.0,50,1648,1643,1070,756.5,33
1556.0,43,1648,1650,1070,756.5,33
1558.0,41,1648,1652,1070,756.5,33
1560.0,39,1648,1654,1070,756.5,33
1562.0,42,1651,1654,1071,756.5,33
1564.0,42,1654,1657,1072,756.5,33
1566.0,42,1654,1657,1072,756.5,33
1568.0,38,1654,1661,1072,756.5,33
1570.0,43,1660,1662,1074,756.5,33
1572.0,42,1660,1663,1074,756.5,33
1574.0,45,1663,1663,1075,756.5,33
1576.0,49,1669,1665,1077,756.5,33
1578.0,45,1669,1669,1077,756.5,33
1580.0,48,1672,1669,1078,756.5,33
1582.0,50,1675,1670,1079,756.5,33
1584.0,53,1678,1670,1080,756.5,33
1586.0,56,1684,1673,1082,756.5,33
1588.0,58,1687,1674,1083,756.5,33
1590.0,61,1690,1674,1084,756.5,33
1592.0,65,1696,1676,1086,756.5,33
1594.0,68,1699,1676,1087,756.5,33
1596.0,68,1699,1676,1087,756.5,33
1598.0,70,1702,1677,1088,756.5,33
1600.0,79,1711,1677,1091,756.5,34
1602.0,77,1711,1679,1091,756.5,34
1604.0,78,1714,1681,1092,756.5,34
1606.0,80,1716,1681,1093,756.5,34
1608.0,80,1716,1681,1093,756.5,34
1610.0,75,1716,1686,1095,756.5,34
1612.0,80,1721,1686,1097,756.5,34
1614.0,80,1723,1688,1098,756.5,34
1616.0,80,1728,1693,1101,756.5,34
1618.0,80,1728,1693,1101,756.5,34
1620.0,80,1732,1697,1103,756.5,34
1622.0,78,1732,1699,1103,756.5,34
1624.0,78,1735,1702,1104,756.5,34
1626.0,71,1735,1709,1104,756.5,34
1628.0,68,1735,1712,1104,756.5,34
1630.0,68,1738,1715,1105,756.5,34
1632.0,61,1738,1722,1105,756.5,34
1634.0,57,1738,1726,1105,756.5,34
1636.0,63,1744,1726,1107,756.5,34
1638.0,61,1744,1728,1107,756.5,34
1640.0,56,1747,1736,1108,756.5,34
1642.0,59,1750,1736,1109,756.5,34
1644.0,55,1750,1740,1109,756.5,34
1646.0,54,1750,1741,1109,756.5,34
1648.0,54,1750,1741,1109,756.5,34
1650.0,58,1756,1743,1111,756.5,34
1652.0,55,1759,1749,1112,756.5,34
1654.0,52,1759,1752,1112,756.5,34
1656.0,49,1762,1758,1113,756.5,34
1658.0,49,1762,1758,1113,756.5,34
1660.0,49,1765,1761,1114,756.5,34
1662.0,52,1768,1761,1115,756.5,34
1664.0,53,1771,1763,1116,756.5,34
1666.0,59,1777,1763,1118,756.5,34
1668.0,62,1780,1763,1119,756.5,34
1670.0,61,1780,1764,1119,756.5,34
1672.0,64,1783,1764,1120,756.5,34
1674.0,66,1786,1765,1121,756.5,34
1676.0,61,1786,1770,1121,756.5,34
1678.0,60,1786,1771,1121,756.5,34
1680.0,62,1789,1772,1122,756.5,34
1682.0,68,1798,1775,1125,756.5,34
1684.0,77,1807,1775,1128,756.5,34
1686.0,80,1810,1775,1131,756.5,34
1688.0,80,1810,1775,1132,756.5,34
1690.0,74,1810,1781,1132,756.5,34
1692.0,79,1816,1782,1134,756.5,35
1694.0,79,1818,1784,1135,756.5,35
1696.0,75,1818,1788,1135,756.5,35
1698.0,75,1818,1788,1135,756.5,35
1700.0,76,1821,1790,1136,756.5,35
1702.0,73,1821,1793,1136,756.5,35
1704.0,68,1821,1798,1136,756.5,35
1706.0,69,1827,1803,1138,756.5,35
1708.0,68,1827,1804,1138,756.5,35
1710.0,71,1830,1804,1139,756.5,35
1712.0,74,1836,1807,1141,756.5,35
1714.0,73,1839,1811,1142,756.5,35
1716.0,80,1846,1811,1145,756.5,35
1718.0,79,1846,1812,1147,756.5,35
1720.0,77,1847,1815,1148,756.5,35
1722.0,68,1847,1824,1148,756.5,35
1724.0,68,1856,1833,1151,756.5,35
1726.0,63,1856,1838,1151,756.5,35
1728.0,65,1859,1839,1152,756.5,35
1730.0,74,1868,1839,1155,756.5,35
1732.0,73,1871,1843,1156,756.5,36
1734.0,73,1874,1846,1157,756.5,36
1736.0,76,1877,1846,1158,756.5,36
1738.0,75,1877,1847,1158,756.5,36
1740.0,78,1883,1850,1160,756.5,36
1742.0,80,1885,1850,1161,756.5,36
1744.0,80,1885,1850,1163,756.5,36
1746.0,74,1885,1856,1163,756.5,36
1748.0,77,1888,1856,1164,756.5,36
1750.0,74,1888,1859,1164,756.5,36
1752.0,68,1888,1865,1164,756.5,36
1754.0,64,1888,1869,1164,756.5,36
1756.0,54,1888,1879,1164,756.5,36
1758.0,56,1891,1880,1165,756.5,36
1760.0,56,1891,1880,1165,756.5,36
1762.0,56,1891,1880,1165,756.5,36
1764.0,51,1891,1885,1165,756.5,36
1766.0,54,1894,1885,1166,756.5,36
1768.0,56,1900,1889,1168,756.5,36
1770.0,49,1903,1899,1169,756.5,36
1772.0,46,1903,1902,1169,756.5,36
1774.0,45,1906,1906,1170,756.5,36
1776.0,42,1906,1909,1170,756.5,36
1778.0,42,1906,1909,1170,756.5,36
1780.0,34,1906,1917,1170,756.5,36
1782.0,31,1906,1920,1170,756.5,36
1784.0,33,1909,1921,1171,756.5,37
1786.0,33,1909,1921,1171,756.5,37
1788.0,32,1912,1925,1172,756.5,37
1790.0,32,1912,1925,1172,756.5,37
1792.0,35,1915,1925,1173,756.5,37
1794.0,41,1921,1925,1175,756.5,37
1796.0,41,1921,1925,1175,756.5,37
1798.0,45,1927,1927,1177,756.5,37
1800.0,45,1927,1927,1177,756.5,37
1802.0,45,1927,1927,1177,756.5,37
1804.0,50,1933,1928,1179,756.5,37
1806.0,47,1933,1931,1179,756.5,37
1808.0,41,1933,1937,1179,756.5,37
1810.0,39,1933,1939,1179,756.5,37
1812.0,42,1936,1939,1180,756.5,37
1814.0,40,1936,1941,1180,756.5,37
1816.0,40,1936,1941,1180,756.5,37
1818.0,46,1942,1941,1182,756.5,37
1820.0,46,1942,1941,1182,756.5,37
1822.0,49,1945,1941,1183,756.5,37
1824.0,46,1945,1944,1183,756.5,37
1826.0,49,1948,1944,1184,756.5,37
1828.0,50,1951,1946,1185,756.5,37
1830.0,53,1954,1946,1186,756.5,37
1832.0,54,1957,1948,1187,756.5,37
1834.0,51,1957,1951,1187,756.5,37
1836.0,52,1960,1953,1188,756.5,38
1838.0,51,1963,1957,1189,756.5,38
1840.0,54,1969,1960,1191,756.5,38
1842.0,53,1972,1964,1192,756.5,38
1844.0,51,1975,1969,1193,756.5,38
1846.0,50,1975,1970,1193,756.5,38
1848.0,49,1975,1971,1193,756.5,38
1850.0,55,1981,1971,1195,756.5,38
1852.0,57,1984,1972,1196,756.5,38
1854.0,63,1990,1972,1198,756.5,38
1856.0,65,1993,1973,1199,756.5,38
1858.0,64,1996,1977,1200,756.5,39
1860.0,64,1996,1977,1200,756.5,39
1862.0,62,1996,1979,1200,756.5,39
1864.0,62,1996,1979,1200,756.5,39
1866.0,63,1999,1981,1201,756.5,39
1868.0,65,2002,1982,1202,756.5,39
1870.0,63,2002,1984,1202,756.5,39
1872.0,67,2008,1986,1204,756.5,39
1874.0,80,2021,1986,1210,756.5,39
1876.0,80,2024,1989,1211,756.5,39
1878.0,80,2027,1992,1214,756.5,39
1880.0,75,2027,1997,1215,756.5,39
1882.0,73,2027,1999,1215,756.5,39
1884.0,73,2030,2002,1216,756.5,39
1886.0,76,2033,2002,1217,756.5,39
1888.0,76,2033,2002,1217,756.5,39
1890.0,76,2039,2008,1219,756.5,39
1892.0,77,2042,2010,1220,756.5,39
1894.0,73,2045,2017,1221,756.5,40
1896.0,70,2045,2020,1221,756.5,40
1898.0,70,2048,2023,1222,756.5,40
1900.0,70,2048,2023,1222,756.5,40
1902.0,70,2048,2023,1222,756.5,40
1904.0,70,2048,2023,1222,756.5,40
1906.0,77,2057,2025,1225,756.5,40
1908.0,76,2057,2026,1225,756.5,40
1910.0,76,2057,2026,1225,756.5,40
1912.0,68,2057,2034,1225,756.5,40
1914.0,62,2063,2046,1227,756.5,40
1916.0,61,2066,2050,1228,756.5,40
1918.0,62,2072,2055,1230,756.5,40
1920.0,64,2075,2056,1231,756.5,40
1922.0,74,2087,2058,1235,756.5,41
1924.0,71,2087,2061,1235,756.5,41
1926.0,71,2090,2064,1236,756.5,41
1928.0,71,2090,2064,1236,756.5,41
1930.0,68,2093,2070,1237,756.5,41
1932.0,66,2093,2072,1237,756.5,41
1934.0,66,2096,2075,1238,756.5,41
1936.0,66,2096,2075,1238,756.5,41
1938.0,63,2096,2078,1238,756.5,41
1940.0,66,2099,2078,1239,756.5,41
1942.0,66,2099,2078,1239,756.5,41
1944.0,69,2102,2078,1240,756.5,42
1946.0,61,2102,2086,1240,756.5,42
1948.0,67,2108,2086,1242,756.5,42
1950.0,70,2111,2086,1243,756.5,42
1952.0,70,2111,2086,1243,756.5,42
1954.0,62,2111,2094,1243,756.5,42
1956.0,62,2114,2097,1244,756.5,42
1958.0,60,2117,2102,1245,756.5,42
1960.0,59,2120,2106,1246,756.5,42
1962.0,47,2120,2118,1246,756.5,42
1964.0,50,2123,2118,1247,756.5,42
1966.0,47,2123,2121,1247,756.5,42
1968.0,56,2132,2121,1250,756.5,42
1970.0,52,2132,2125,1250,756.5,42
1972.0,52,2132,2125,1250,756.5,42
1974.0,52,2135,2128,1251,756.5,42
1976.0,52,2135,2128,1251,756.5,42
1978.0,55,2138,2128,1252,756.5,43
1980.0,55,2141,2131,1253,756.5,43
1982.0,58,2144,2131,1254,756.5,43
1984.0,58,2147,2134,1255,756.5,43
1986.0,58,2147,2134,1255,756.5,43
1988.0,56,2150,2139,1256,756.5,43
1990.0,52,2150,2143,1256,756.5,43
1992.0,52,2150,2143,1256,756.5,43
1994.0,55,2153,2143,1257,756.5,43
1996.0,51,2153,2147,1257,756.5,43
1998.0,47,2153,2151,1257,756.5,43
2000.0,45,2153,2153,1257,756.5,43
2002.0,45,2153,2153,1257,756.5,43
2004.0,52,2162,2155,1260,756.5,43
2006.0,52,2162,2155,1260,756.5,43
2008.0,48,2165,2162,1261,756.5,43
2010.0,54,2171,2162,1263,756.5,43
2012.0,57,2174,2162,1264,756.5,43
2014.0,53,2174,2166,1264,756.5,43
2016.0,56,2177,2166,1265,756.5,43
2018.0,66,2189,2168,1269,756.5,43
2020.0,63,2189,2171,1269,756.5,43
2022.0,62,2189,2172,1269,756.5,43
2024.0,66,2195,2174,1271,756.5,43
2026.0,69,2198,2174,1272,756.5,43
2028.0,74,2204,2175,1274,756.5,44
2030.0,80,2210,2175,1278,756.5,44
2032.0,80,2210,2175,1278,756.5,44
2034.0,79,2210,2176,1278,756.5,44
2036.0,79,2210,2176,1278,756.5,44
2038.0,80,2211,2176,1279,756.5,44
2040.0,80,2211,2176,1280,756.5,44
2042.0,80,2211,2176,1283,756.5,44
2044.0,72,2211,2184,1286,756.5,44
2046.0,72,2211,2184,1286,756.5,44
2048.0,80,2221,2186,1290,756.5,44
2050.0,77,2225,2193,1293,756.5,44
2052.0,74,2225,2196,1293,756.5,44
2054.0,74,2225,2196,1293,756.5,44
2056.0,71,2225,2199,1293,756.5,44
2058.0,63,2225,2207,1293,756.5,44
2060.0,78,2240,2207,1298,756.5,44
2062.0,78,2240,2207,1298,756.5,44
2064.0,77,2244,2212,1300,756.5,44
2066.0,79,2250,2216,1302,756.5,44
2068.0,72,2251,2224,1303,756.5,44
2070.0,64,2251,2232,1303,756.5,44
2072.0,64,2251,2232,1303,756.5,44
2074.0,64,2251,2232,1303,756.5,44
2076.0,67,2254,2232,1304,756.5,44
2078.0,65,2254,2234,1304,756.5,44
2080.0,67,2257,2235,1305,756.5,44
2082.0,65,2257,2237,1305,756.5,44
2084.0,65,2260,2240,1306,756.5,44
2086.0,68,2263,2240,1307,756.5,44
2088.0,61,2266,2250,1308,756.5,44
2090.0,61,2272,2256,1310,756.5,44
2092.0,67,2278,2256,1312,756.5,44
2094.0,69,2281,2257,1313,756.5,44
2096.0,68,2281,2258,1313,756.5,44
2098.0,71,2284,2258,1314,756.5,44
2100.0,63,2287,2269,1315,756.5,44
2102.0,63,2287,2269,1315,756.5,44
2104.0,59,2287,2273,1315,756.5,44
2106.0,52,2287,2280,1315,756.5,44
2108.0,50,2287,2282,1315,756.5,44
2110.0,49,2287,2283,1315,756.5,44
2112.0,56,2296,2285,1318,756.5,44
2114.0,55,2296,2286,1318,756.5,44
2116.0,52,2296,2289,1318,756.5,44
2118.0,61,2305,2289,1321,756.5,44
2120.0,65,2311,2291,1323,756.5,44
2122.0,71,2317,2291,1325,756.5,44
2124.0,73,2320,2292,1326,756.5,44
2126.0,70,2320,2295,1326,756.5,44
2128.0,68,2323,2300,1327,756.5,44
2130.0,73,2332,2304,1330,756.5,45
2132.0,80,2341,2306,1333,756.5,45
2134.0,79,2343,2309,1335,756.5,45
2136.0,80,2344,2309,1337,756.5,45
2138.0,78,2344,2311,1337,756.5,45
2140.0,76,2344,2313,1337,756.5,45
2142.0,80,2348,2313,1339,756.5,45
2144.0,79,2348,2314,1339,756.5,45
2146.0,79,2348,2314,1339,756.5,45
2148.0,80,2349,2314,1341,756.5,45
2150.0,80,2349,2314,1342,756.5,45
2152.0,73,2352,2324,1343,756.5,45
2154.0,73,2352,2324,1343,756.5,45
2156.0,69,2352,2328,1343,756.5,45
2158.0,60,2352,2337,1343,756.5,45
2160.0,56,2352,2341,1343,756.5,45
2162.0,50,2352,2347,1343,756.5,45
2164.0,46,2352,2351,1343,756.5,45
2166.0,46,2352,2351,1343,756.5,45
2168.0,47,2355,2353,1344,756.5,45
2170.0,45,2358,2358,1345,756.5,46
2172.0,34,2358,2369,1345,756.5,46
2174.0,35,2361,2371,1346,756.5,46
2176.0,41,2370,2374,1349,756.5,46
2178.0,44,2373,2374,1350,756.5,46
2180.0,46,2376,2375,1351,756.5,46
2182.0,44,2376,2377,1351,756.5,46
2184.0,44,2376,2377,1351,756.5,46
2186.0,44,2376,2377,1351,756.5,46
2188.0,43,2376,2378,1351,756.5,46
2190.0,45,2379,2379,1352,756.5,46
2192.0,43,2379,2381,1352,756.5,46
2194.0,52,2388,2381,1355,756.5,46
2196.0,52,2388,2381,1355,756.5,46
2198.0,59,2397,2383,1358,756.5,46
2200.0,62,2400,2383,1359,756.5,47
2202.0,68,2406,2383,1361,756.5,47
2204.0,68,2406,2383,1361,756.5,47
2206.0,71,2409,2383,1362,756.5,47
2208.0,73,2415,2387,1364,756.5,47
2210.0,74,2418,2389,1365,756.5,47
2212.0,80,2424,2389,1367,756.5,47
2214.0,78,2424,2391,1368,756.5,47
2216.0,76,2427,2396,1370,756.5,47
2218.0,72,2427,2400,1370,756.5,47
2220.0,69,2427,2403,1370,756.5,47
2222.0,72,2430,2403,1371,756.5,47
2224.0,74,2433,2404,1372,756.5,47
2226.0,74,2433,2404,1372,756.5,47
2228.0,74,2433,2404,1372,756.5,47
2230.0,70,2433,2408,1372,756.5,47
2232.0,70,2433,2408,1372,756.5,47
2234.0,62,2433,2416,1372,756.5,47
2236.0,60,2433,2418,1372,756.5,47
2238.0,50,2433,2428,1372,756.5,47
2240.0,54,2439,2430,1374,756.5,47
2242.0,51,2442,2436,1375,756.5,47
2244.0,57,2448,2436,1377,756.5,47
2246.0,59,2451,2437,1378,756.5,47
2248.0,53,2451,2443,1378,756.5,47
2250.0,49,2451,2447,1378,756.5,47
2252.0,46,2454,2453,1379,756.5,48
2254.0,48,2457,2454,1380,756.5,48
2256.0,47,2460,2458,1381,756.5,48
2258.0,50,2463,2458,1382,756.5,48
2260.0,59,2472,2458,1385,756.5,48
2262.0,67,2484,2462,1389,756.5,48
2264.0,71,2490,2464,1391,756.5,49
2266.0,71,2490,2464,1391,756.5,49
2268.0,71,2490,2464,1391,756.5,49
2270.0,77,2496,2464,1393,756.5,49
2272.0,80,2499,2464,1394,756.5,49
2274.0,80,2499,2464,1395,756.5,49
2276.0,80,2499,2464,1396,756.5,49
2278.0,80,2499,2464,1397,756.5,49
2280.0,76,2499,2468,1397,756.5,49
2282.0,75,2499,2469,1397,756.5,49
2284.0,70,2499,2474,1397,756.5,49
2286.0,71,2502,2476,1398,756.5,49
2288.0,74,2505,2476,1399,756.5,49
2290.0,77,2508,2476,1400,756.5,49
2292.0,77,2511,2479,1401,756.5,49
2294.0,73,2511,2483,1401,756.5,49
2296.0,72,2514,2487,1402,756.5,49
2298.0,74,2520,2491,1404,756.5,49
2300.0,63,2520,2502,1404,756.5,49
2302.0,50,2520,2515,1404,756.5,49
2304.0,43,2520,2522,1404,756.5,49
2306.0,46,2523,2522,1405,756.5,49
2308.0,49,2526,2522,1406,756.5,49
2310.0,54,2538,2529,1410,756.5,49
2312.0,53,2538,2530,1410,756.5,49
2314.0,53,2538,2530,1410,756.5,49
2316.0,59,2544,2530,1412,756.5,49
2318.0,58,2544,2531,1412,756.5,49
2320.0,60,2547,2532,1413,756.5,49
2322.0,60,2547,2532,1413,756.5,49
2324.0,66,2553,2532,1415,756.5,49
2326.0,63,2553,2535,1415,756.5,49
2328.0,63,2556,2538,1416,756.5,50
2330.0,65,2562,2542,1418,756.5,50
2332.0,63,2562,2544,1418,756.5,50
2334.0,63,2562,2544,1418,756.5,50
2336.0,64,2565,2546,1419,756.5,50
2338.0,69,2574,2550,1422,756.5,50
2340.0,69,2574,2550,1422,756.5,50
2342.0,72,2577,2550,1423,756.5,50
2344.0,75,2580,2550,1424,756.5,50
2346.0,72,2580,2553,1424,756.5,50
2348.0,76,2586,2555,1426,756.5,50
2350.0,68,2589,2566,1427,756.5,50
2352.0,73,2595,2567,1429,756.5,50
2354.0,79,2601,2567,1431,756.5,50
2356.0,72,2601,2574,1431,756.5,50
2358.0,71,2601,2575,1431,756.5,50
2360.0,70,2601,2576,1431,756.5,50
2362.0,70,2601,2576,1431,756.5,50
2364.0,79,2616,2582,1436,756.5,50
2366.0,80,2617,2582,1438,756.5,51
2368.0,76,2617,2586,1438,756.5,51
2370.0,74,2620,2591,1439,756.5,51
2372.0,77,2623,2591,1440,756.5,51
2374.0,80,2626,2591,1442,756.5,51
2376.0,80,2627,2592,1445,756.5,51
2378.0,74,2627,2598,1447,756.5,51
2380.0,77,2630,2598,1448,756.5,51
2382.0,75,2630,2600,1448,756.5,51
2384.0,76,2633,2602,1449,756.5,51
2386.0,79,2636,2602,1450,756.5,51
2388.0,73,2636,2608,1450,756.5,51
2390.0,69,2636,2612,1450,756.5,51
2392.0,61,2636,2620,1450,756.5,51
2394.0,57,2639,2627,1451,756.5,51
2396.0,60,2642,2627,1452,756.5,51
2398.0,63,2645,2627,1453,756.5,51
2400.0,66,2648,2627,1454,756.5,51
2402.0,66,2648,2627,1454,756.5,51
2404.0,57,2654,2642,1456,756.5,51
2406.0,58,2657,2644,1457,756.5,51
2408.0,58,2657,2644,1457,756.5,51
2410.0,62,2663,2646,1459,756.5,52
2412.0,62,2666,2649,1460,756.5,52
2414.0,68,2675,2652,1463,756.5,52
2416.0,69,2678,2654,1464,756.5,52
2418.0,71,2681,2655,1465,756.5,52
2420.0,72,2684,2657,1466,756.5,52
2422.0,74,2687,2658,1467,756.5,52
2424.0,73,2690,2662,1468,756.5,52
2426.0,75,2693,2663,1469,756.5,52
2428.0,75,2693,2663,1469,756.5,52
2430.0,75,2693,2663,1469,756.5,52
2432.0,78,2696,2663,1470,756.5,52
2434.0,75,2696,2666,1470,756.5,52
2436.0,73,2696,2668,1470,756.5,52
2438.0,70,2696,2671,1470,756.5,52
2440.0,76,2705,2674,1473,756.5,53
2442.0,80,2709,2674,1475,756.5,53
2444.0,77,2712,2680,1476,756.5,53
2446.0,74,2712,2683,1476,756.5,53
2448.0,72,2712,2685,1476,756.5,53
2450.0,67,2715,2693,1477,756.5,53
2452.0,63,2715,2697,1477,756.5,53
2454.0,58,2718,2705,1478,756.5,53
2456.0,58,2721,2708,1479,756.5,53
2458.0,55,2721,2711,1479,756.5,53
2460.0,54,2721,2712,1479,756.5,53
2462.0,54,2724,2715,1480,756.5,53
2464.0,59,2730,2716,1482,756.5,53
2466.0,63,2736,2718,1484,756.5,53
2468.0,71,2745,2719,1487,756.5,54
2470.0,74,2748,2719,1488,756.5,54
2472.0,76,2754,2723,1490,756.5,54
2474.0,79,2757,2723,1491,756.5,54
2476.0,80,2759,2724,1492,756.5,54
2478.0,80,2759,2724,1492,756.5,54
2480.0,75,2762,2732,1493,756.5,54
2482.0,78,2768,2735,1495,756.5,54
2484.0,78,2771,2738,1496,756.5,54
2486.0,80,2773,2738,1497,756.5,55
2488.0,80,2773,2738,1498,756.5,55
2490.0,77,2773,2741,1498,756.5,55
2492.0,80,2776,2741,1499,756.5,55
2494.0,77,2776,2744,1499,756.5,55
2496.0,73,2776,2748,1499,756.5,55
2498.0,80,2783,2748,1502,756.5,55
2500.0,80,2783,2748,1503,756.5,55
2502.0,78,2783,2750,1503,756.5,55
2504.0,76,2786,2755,1504,756.5,55
2506.0,70,2786,2761,1504,756.5,55
2508.0,62,2786,2769,1504,756.5,55
2510.0,58,2786,2773,1504,756.5,55
2512.0,54,2789,2780,1505,756.5,55
2514.0,51,2789,2783,1505,756.5,55
2516.0,51,2792,2786,1506,756.5,55
2518.0,51,2792,2786,1506,756.5,55
2520.0,53,2798,2790,1508,756.5,55
2522.0,46,2798,2797,1508,756.5,55
2524.0,43,2798,2800,1508,756.5,55
2526.0,40,2798,2803,1508,756.5,55
2528.0,39,2798,2804,1508,756.5,55
2530.0,42,2801,2804,1509,756.5,55
2532.0,38,2801,2808,1509,756.5,55
2534.0,38,2801,2808,1509,756.5,55
2536.0,38,2801,2808,1509,756.5,55
2538.0,34,2804,2815,1510,756.5,55
2540.0,33,2804,2816,1510,756.5,55
2542.0,45,2816,2816,1514,756.5,55
2544.0,40,2816,2821,1514,756.5,55
2546.0,39,2816,2822,1514,756.5,55
2548.0,42,2819,2822,1515,756.5,55
2550.0,41,2819,2823,1515,756.5,55
2552.0,41,2819,2823,1515,756.5,55
2554.0,43,2822,2824,1516,756.5,55
2556.0,42,2822,2825,1516,756.5,55
2558.0,45,2825,2825,1517,756.5,55
2560.0,47,2831,2829,1519,756.5,55
2562.0,47,2831,2829,1519,756.5,55
2564.0,50,2834,2829,1520,756.5,55
2566.0,56,2840,2829,1522,756.5,55
2568.0,65,2849,2829,1525,756.5,55
2570.0,62,2849,2832,1525,756.5,55
2572.0,65,2852,2832,1526,756.5,55
2574.0,67,2855,2833,1527,756.5,55
2576.0,66,2855,2834,1527,756.5,55
2578.0,68,2858,2835,1528,756.5,55
2580.0,77,2867,2835,1531,756.5,55
2582.0,72,2867,2840,1531,756.5,55
2584.0,75,2870,2840,1532,756.5,55
2586.0,80,2875,2840,1534,756.5,55
2588.0,78,2875,2842,1536,756.5,55
2590.0,80,2877,2842,1537,756.5,55
2592.0,80,2877,2842,1537,756.5,55
2594.0,78,2877,2844,1541,756.5,55
2596.0,79,2883,2849,1543,756.5,55
2598.0,80,2885,2850,1544,756.5,55
2600.0,80,2887,2852,1545,756.5,55
2602.0,80,2887,2852,1545,756.5,55
2604.0,78,2887,2854,1546,756.5,55
2606.0,74,2890,2861,1547,756.5,55
2608.0,67,2893,2871,1548,756.5,55
2610.0,67,2893,2871,1548,756.5,55
2612.0,64,2893,2874,1548,756.5,55
2614.0,66,2899,2878,1550,756.5,55
2616.0,69,2902,2878,1551,756.5,55
2618.0,66,2902,2881,1551,756.5,55
2620.0,63,2908,2890,1553,756.5,55
2622.0,65,2911,2891,1554,756.5,55
2624.0,64,2914,2895,1555,756.5,55
2626.0,61,2917,2901,1556,756.5,55
2628.0,59,2917,2903,1556,756.5,55
2630.0,59,2917,2903,1556,756.5,55
2632.0,59,2917,2903,1556,756.5,55
2634.0,56,2917,2906,1556,756.5,55
2636.0,57,2920,2908,1557,756.5,56
2638.0,54,2920,2911,1557,756.5,56
2640.0,54,2923,2914,1558,756.5,56
2642.0,66,2935,2914,1562,756.5,56
2644.0,71,2941,2915,1564,756.5,56
2646.0,71,2944,2918,1565,756.5,56
2648.0,67,2944,2922,1565,756.5,56
2650.0,70,2947,2922,1566,756.5,56
2652.0,76,2953,2922,1568,756.5,56
2654.0,75,2956,2926,1569,756.5,56
2656.0,72,2956,2929,1569,756.5,56
2658.0,75,2959,2929,1570,756.5,56
2660.0,80,2967,2932,1573,756.5,56
2662.0,77,2967,2935,1573,756.5,56
2664.0,79,2970,2936,1575,756.5,56
2666.0,76,2970,2939,1575,756.5,56
2668.0,80,2974,2939,1577,756.5,56
2670.0,80,2974,2939,1577,756.5,56
2672.0,80,2975,2940,1578,756.5,56
2674.0,80,2975,2940,1581,756.5,57
2676.0,76,2975,2944,1581,756.5,57
2678.0,75,2975,2945,1581,756.5,57
2680.0,74,2975,2946,1581,756.5,57
2682.0,63,2978,2960,1582,756.5,57
2684.0,61,2981,2965,1583,756.5,57
2686.0,57,2981,2969,1583,756.5,57
2688.0,60,2984,2969,1584,756.5,57
2690.0,60,2987,2972,1585,756.5,57
2692.0,53,2987,2979,1585,756.5,57
2694.0,51,2990,2984,1586,756.5,57
2696.0,51,2990,2984,1586,756.5,57
2698.0,51,2993,2987,1587,756.5,57
2700.0,40,2993,2998,1587,756.5,57
2702.0,40,2993,2998,1587,756.5,57
2704.0,38,2993,3000,1587,756.5,57
2706.0,41,2996,3000,1588,756.5,57
2708.0,37,2996,3004,1588,756.5,57
2710.0,40,2999,3004,1589,756.5,57
2712.0,40,2999,3004,1589,756.5,57
2714.0,44,3005,3006,1591,756.5,57
2716.0,44,3005,3006,1591,756.5,57
2718.0,49,3011,3007,1593,756.5,57
2720.0,49,3011,3007,1593,756.5,57
2722.0,46,3011,3010,1593,756.5,57
2724.0,43,3011,3013,1593,756.5,57
2726.0,43,3011,3013,1593,756.5,57
2728.0,41,3011,3015,1593,756.5,57
2730.0,43,3017,3019,1595,756.5,57
2732.0,46,3020,3019,1596,756.5,57
2734.0,44,3020,3021,1596,756.5,57
2736.0,47,3023,3021,1597,756.5,57
2738.0,48,3026,3023,1598,756.5,57
2740.0,57,3035,3023,1601,756.5,58
2742.0,57,3035,3023,1601,756.5,58
2744.0,63,3041,3023,1603,756.5,58
2746.0,64,3044,3025,1604,756.5,58
2748.0,64,3044,3025,1604,756.5,58
2750.0,67,3050,3028,1606,756.5,58
2752.0,67,3050,3028,1606,756.5,58
2754.0,64,3050,3031,1606,756.5,58
2756.0,64,3050,3031,1606,756.5,58
2758.0,70,3056,3031,1608,756.5,58
2760.0,76,3062,3031,1610,756.5,58
2762.0,79,3065,3031,1611,756.5,58
2764.0,80,3066,3031,1615,756.5,58
2766.0,80,3068,3033,1616,756.5,58
2768.0,80,3068,3033,1618,756.5,58
2770.0,78,3071,3038,1619,756.5,58
2772.0,73,3071,3043,1619,756.5,58
2774.0,76,3074,3043,1620,756.5,58
2776.0,75,3077,3047,1621,756.5,58
2778.0,80,3084,3049,1624,756.5,59
2780.0,74,3088,3059,1626,756.5,59
2782.0,73,3088,3060,1626,756.5,59
2784.0,72,3091,3064,1627,756.5,59
2786.0,68,3091,3068,1627,756.5,59
2788.0,68,3091,3068,1627,756.5,59
2790.0,62,3091,3074,1627,756.5,59
2792.0,68,3097,3074,1629,756.5,59
2794.0,68,3097,3074,1629,756.5,59
2796.0,68,3097,3074,1629,756.5,59
2798.0,70,3103,3078,1631,756.5,59
2800.0,64,3103,3084,1631,756.5,59
2802.0,66,3109,3088,1633,756.5,59
2804.0,65,3112,3092,1634,756.5,59
2806.0,65,3115,3095,1635,756.5,59
2808.0,63,3115,3097,1635,756.5,59
2810.0,63,3118,3100,1636,756.5,59
2812.0,63,3118,3100,1636,756.5,59
2814.0,62,3118,3101,1636,756.5,59
2816.0,62,3121,3104,1637,756.5,59
2818.0,59,3124,3110,1638,756.5,59
2820.0,55,3124,3114,1638,756.5,59
2822.0,57,3127,3115,1639,756.5,59
2824.0,56,3130,3119,1640,756.5,59
2826.0,58,3133,3120,1641,756.5,59
2828.0,58,3133,3120,1641,756.5,59
2830.0,56,3133,3122,1641,756.5,59
2832.0,53,3133,3125,1641,756.5,59
2834.0,53,3133,3125,1641,756.5,59
2836.0,56,3136,3125,1642,756.5,59
2838.0,54,3139,3130,1643,756.5,59
2840.0,57,3142,3130,1644,756.5,59
2842.0,53,3142,3134,1644,756.5,59
2844.0,56,3148,3137,1646,756.5,59
2846.0,65,3160,3140,1650,756.5,60
2848.0,65,3160,3140,1650,756.5,60
2850.0,62,3160,3143,1650,756.5,60
2852.0,64,3163,3144,1651,756.5,60
2854.0,66,3166,3145,1652,756.5,60
2856.0,64,3166,3147,1652,756.5,60
2858.0,64,3169,3150,1653,756.5,60
2860.0,64,3169,3150,1653,756.5,60
2862.0,61,3169,3153,1653,756.5,60
2864.0,62,3172,3155,1654,756.5,60
2866.0,60,3172,3157,1654,756.5,60
2868.0,66,3178,3157,1656,756.5,60
2870.0,69,3181,3157,1657,756.5,60
2872.0,71,3184,3158,1658,756.5,60
2874.0,77,3190,3158,1660,756.5,60
2876.0,76,3193,3162,1661,756.5,60
2878.0,75,3196,3166,1662,756.5,60
2880.0,72,3196,3169,1662,756.5,60
2882.0,72,3196,3169,1662,756.5,60
2884.0,72,3199,3172,1663,756.5,60
2886.0,66,3205,3184,1665,756.5,60
2888.0,65,3205,3185,1665,756.5,60
2890.0,68,3208,3185,1666,756.5,60
2892.0,65,3208,3188,1666,756.5,60
2894.0,61,3208,3192,1666,756.5,60
2896.0,59,3208,3194,1666,756.5,60
2898.0,54,3208,3199,1666,756.5,60
2900.0,57,3211,3199,1667,756.5,60
2902.0,57,3211,3199,1667,756.5,60
2904.0,57,3214,3202,1668,756.5,60
2906.0,60,3217,3202,1669,756.5,60
2908.0,57,3220,3208,1670,756.5,60
2910.0,57,3223,3211,1671,756.5,60
2912.0,57,3226,3214,1672,756.5,60
2914.0,53,3229,3221,1673,756.5,60
2916.0,52,3232,3225,1674,756.5,61
2918.0,50,3232,3227,1674,756.5,61
2920.0,50,3232,3227,1674,756.5,61
2922.0,52,3235,3228,1675,756.5,61
2924.0,51,3238,3232,1676,756.5,61
2926.0,53,3241,3233,1677,756.5,61
2928.0,56,3244,3233,1678,756.5,61
2930.0,54,3244,3235,1678,756.5,61
2932.0,57,3247,3235,1679,756.5,61
2934.0,55,3247,3237,1679,756.5,61
2936.0,60,3253,3238,1681,756.5,61
2938.0,60,3253,3238,1681,756.5,61
2940.0,61,3256,3240,1682,756.5,61
2942.0,67,3262,3240,1684,756.5,61
2944.0,68,3265,3242,1685,756.5,61
2946.0,68,3268,3245,1686,756.5,62
2948.0,66,3268,3247,1686,756.5,62
2950.0,63,3268,3250,1686,756.5,62
2952.0,62,3268,3251,1686,756.5,62
2954.0,66,3274,3253,1688,756.5,62
2956.0,73,3283,3255,1691,756.5,62
2958.0,76,3286,3255,1692,756.5,62
2960.0,78,3289,3256,1693,756.5,62
2962.0,78,3292,3259,1694,756.5,62
2964.0,80,3296,3261,1697,756.5,62
2966.0,79,3296,3262,1697,756.5,62
2968.0,77,3297,3265,1698,756.5,62
2970.0,77,3297,3265,1698,756.5,62
2972.0,73,3297,3269,1698,756.5,62
2974.0,76,3300,3269,1699,756.5,62
2976.0,73,3304,3276,1701,756.5,62
2978.0,76,3307,3276,1702,756.5,62
2980.0,75,3310,3280,1703,756.5,62
2982.0,68,3310,3287,1703,756.5,62
2984.0,68,3313,3290,1704,756.5,62
2986.0,66,3313,3292,1704,756.5,62
2988.0,72,3319,3292,1706,756.5,63
2990.0,75,3322,3292,1707,756.5,63
2992.0,80,3327,3292,1709,756.5,63
2994.0,73,3327,3299,1709,756.5,63
2996.0,66,3327,3306,1709,756.5,63
2998.0,67,3330,3308,1710,756.5,63
3000.0,65,3333,3313,1711,756.5,63
3002.0,61,3333,3317,1711,756.5,63
3004.0,67,3342,3320,1714,756.5,63
3006.0,70,3345,3320,1715,756.5,63
3008.0,77,3354,3322,1718,756.5,63
3010.0,80,3357,3322,1721,756.5,63
3012.0,80,3357,3322,1723,756.5,63
3014.0,79,3357,3323,1723,756.5,63
3016.0,78,3360,3327,1724,756.5,63
3018.0,75,3362,3332,1725,756.5,63
3020.0,77,3368,3336,1727,756.5,64
3022.0,77,3368,3336,1727,756.5,64
3024.0,77,3371,3339,1728,756.5,64
3026.0,80,3377,3342,1730,756.5,64
3028.0,74,3377,3348,1731,756.5,64
3030.0,71,3377,3351,1731,756.5,64
3032.0,67,3380,3358,1732,756.5,64
3034.0,67,3380,3358,1732,756.5,64
3036.0,67,3380,3358,1732,756.5,64
3038.0,64,3380,3361,1732,756.5,64
3040.0,63,3380,3362,1732,756.5,64
3042.0,63,3380,3362,1732,756.5,64
3044.0,56,3380,3369,1732,756.5,64
3046.0,64,3389,3370,1735,756.5,65
3048.0,59,3392,3378,1736,756.5,65
3050.0,62,3398,3381,1738,756.5,65
3052.0,57,3398,3386,1738,756.5,65
3054.0,56,3398,3387,1738,756.5,65
3056.0,53,3398,3390,1738,756.5,65
3058.0,50,3398,3393,1738,756.5,65
3060.0,49,3404,3400,1740,756.5,65
3062.0,55,3410,3400,1742,756.5,65
3064.0,52,3410,3403,1742,756.5,65
3066.0,49,3410,3406,1742,756.5,65
3068.0,47,3410,3408,1742,756.5,65
3070.0,49,3413,3409,1743,756.5,65
3072.0,46,3413,3412,1743,756.5,65
3074.0,52,3419,3412,1745,756.5,65
3076.0,52,3419,3412,1745,756.5,65
3078.0,51,3419,3413,1745,756.5,65
3080.0,51,3419,3413,1745,756.5,65
3082.0,63,3431,3413,1749,756.5,66
3084.0,63,3431,3413,1749,756.5,66
3086.0,58,3434,3421,1750,756.5,66
3088.0,57,3434,3422,1750,756.5,66
3090.0,55,3434,3424,1750,756.5,66
3092.0,54,3434,3425,1750,756.5,66
3094.0,54,3434,3425,1750,756.5,66
3096.0,54,3434,3425,1750,756.5,66
3098.0,57,3437,3425,1751,756.5,66
3100.0,55,3440,3430,1752,756.5,66
